timestamp,operation,available,kind,http_status,latency_ms
1786590503,validate,1,,200,187
1786590504,validate,1,,200,215
1786590505,validate,1,,200,204
1786590506,validate,1,,200,198
1786590507,validate,1,,200,217
1786590508,validate,1,,200,199
1786590509,validate,1,,200,207
1786590510,validate,1,,200,369
1786590512,validate,1,,200,204
1786590513,validate,1,,200,174
1786590514,validate,1,,200,195
1786590515,validate,1,,200,188
1786590516,validate,1,,200,192
1786590517,validate,1,,200,199
1786590518,validate,1,,200,181
1786590518,validate,1,,200,204
1786590519,validate,1,,200,172
1786590520,validate,1,,200,317
1786590522,validate,1,,200,188
1786590523,validate,1,,200,448
1786590524,validate,1,,200,174
1786590525,validate,1,,200,164
1786590526,login,1,,200,574
1786590527,login,1,,200,321
1786590528,validate,1,,200,188
1786590529,validate,1,,200,172
1786590530,validate,1,,200,222
1786590531,validate,1,,200,210
1786590532,validate,1,,200,172
1786590533,validate,1,,200,169
1786590534,validate,1,,200,178
1786590535,validate,1,,200,171
1786590536,validate,1,,200,198
1786590537,validate,1,,200,182
1786590538,validate,1,,200,180
1786590539,validate,1,,200,171
1786590540,validate,1,,200,172
1786590541,validate,1,,200,285
1786590542,validate,1,,200,315
1786590543,validate,1,,200,179
1786590544,validate,1,,200,206
1786590545,validate,1,,200,204
1786590546,validate,1,,200,171
1786590547,validate,1,,200,207
1786590548,validate,1,,200,202
1786590549,validate,1,,200,167
1786590550,validate,1,,200,181
1786590551,validate,1,,200,247
1786590552,validate,1,,200,195
1786590553,validate,1,,200,184
1786590554,validate,1,,200,170
1786590555,login,1,,200,353
1786590556,validate,1,,200,170
1786590557,validate,1,,200,167
1786590558,validate,1,,200,172
1786590559,validate,1,,200,173
1786590560,validate,1,,200,165
1786590561,validate,1,,200,256
1786590562,validate,1,,200,168
1786590563,validate,1,,200,197
1786590564,validate,1,,200,176
1786590564,validate,1,,200,170
1786590565,validate,1,,200,169
1786590566,validate,1,,200,166
1786590567,login,1,,200,339
1786590568,validate,1,,200,219
1786590569,validate,1,,200,196
1786590570,validate,1,,200,404
1786590572,validate,1,,200,187
1786590573,validate,1,,200,163
1786590574,validate,1,,200,186
1786590575,validate,1,,200,171
1786590576,validate,1,,200,172
1786590577,validate,1,,200,170
1786590578,validate,1,,200,169
1786590578,login,1,,200,321
1786590580,validate,1,,200,169
1786590581,validate,1,,200,279
1786590582,validate,1,,200,175
1786590583,validate,1,,200,183
1786590584,validate,1,,200,188
1786590585,validate,1,,200,188
1786590585,validate,1,,200,171
1786590586,validate,1,,200,166
1786590587,validate,1,,200,174
1786590588,validate,1,,200,178
1786590589,validate,1,,200,168
1786590590,validate,1,,200,184
1786590591,validate,1,,200,370
1786590592,validate,1,,200,182
